{
  "features": [
    "uploads",
    "category",
    "country",
    "age"
  ],
  "numeric": {
    "uploads": {
      "mean": 9187.125628140704,
      "std": 34151.352253722594,
      "p95": 48886.899999999856
    },
    "age": {
      "mean": 13.367839195979899,
      "std": 4.5012149996539845,
      "p95": 20.0
    }
  },
  "categorical": {
    "category": {
      "Entertainment": 0.242211,
      "Music": 0.203015,
      "People & Blogs": 0.132663,
      "Gaming": 0.094472,
      "Comedy": 0.069347,
      "Film & Animation": 0.046231,
      "Unknown": 0.046231,
      "Education": 0.045226,
      "Howto & Style": 0.040201,
      "News & Politics": 0.026131,
      "Science & Technology": 0.017085,
      "Shows": 0.013065,
      "Sports": 0.011055,
      "Pets & Animals": 0.00402,
      "Trailers": 0.00201,
      "Nonprofits & Activism": 0.00201,
      "Movies": 0.00201,
      "Autos & Vehicles": 0.00201,
      "Travel & Events": 0.001005
    },
    "country": {
      "United States": 0.314573,
      "India": 0.168844,
      "Unknown": 0.122613,
      "Brazil": 0.062312,
      "United Kingdom": 0.043216,
      "Mexico": 0.033166,
      "Indonesia": 0.028141,
      "Spain": 0.022111,
      "Thailand": 0.01809,
      "South Korea": 0.017085,
      "Russia": 0.01608,
      "Canada": 0.015075,
      "Argentina": 0.013065,
      "Philippines": 0.01206,
      "Colombia": 0.011055,
      "Australia": 0.009045,
      "Saudi Arabia": 0.009045,
      "Ukraine": 0.00804,
      "United Arab Emirates": 0.007035,
      "Germany": 0.00603,
      "Pakistan": 0.00603,
      "France": 0.005025,
      "Japan": 0.005025,
      "Turkey": 0.00402,
      "Sweden": 0.00402,
      "Vietnam": 0.003015,
      "Jordan": 0.003015,
      "Netherlands": 0.003015,
      "Singapore": 0.003015,
      "Chile": 0.003015,
      "Egypt": 0.00201,
      "Ecuador": 0.00201,
      "Iraq": 0.00201,
      "Italy": 0.00201,
      "China": 0.001005,
      "Peru": 0.001005,
      "Andorra": 0.001005,
      "Bangladesh": 0.001005,
      "Finland": 0.001005,
      "Morocco": 0.001005,
      "Kuwait": 0.001005,
      "Malaysia": 0.001005,
      "Switzerland": 0.001005,
      "Latvia": 0.001005,
      "Afghanistan": 0.001005,
      "Venezuela": 0.001005,
      "Barbados": 0.001005,
      "El Salvador": 0.001005,
      "Cuba": 0.001005,
      "Samoa": 0.001005
    }
  }
}